date,state,fips,cases,deaths
2020-03-12,AK,2,1,0
2020-03-13,AK,2,1,0
2020-03-14,AK,2,1,0
2020-03-15,AK,2,1,0
2020-03-16,AK,2,3,0
2020-03-17,AK,2,6,0
2020-03-18,AK,2,9,0
2020-03-19,AK,2,12,0
2020-03-20,AK,2,14,0
2020-03-21,AK,2,21,0
2020-03-22,AK,2,22,0
2020-03-23,AK,2,36,0
2020-03-24,AK,2,42,0
2020-03-25,AK,2,59,0
2020-03-26,AK,2,69,0
2020-03-27,AK,2,85,1
2020-03-28,AK,2,102,1
2020-03-29,AK,2,114,1
2020-03-30,AK,2,119,2
2020-03-31,AK,2,133,2
2020-04-01,AK,2,143,2
2020-04-02,AK,2,146,2
2020-04-03,AK,2,156,2
2020-04-04,AK,2,169,3
2020-04-05,AK,2,185,4
2020-04-06,AK,2,189,4
2020-04-07,AK,2,211,4
2020-04-08,AK,2,224,5
2020-04-09,AK,2,233,5
2020-04-10,AK,2,244,5
2020-04-11,AK,2,255,6
2020-04-12,AK,2,270,6
2020-03-13,AL,1,6,0
2020-03-14,AL,1,12,0
2020-03-15,AL,1,23,0
2020-03-16,AL,1,29,0
2020-03-17,AL,1,39,0
2020-03-18,AL,1,51,0
2020-03-19,AL,1,78,0
2020-03-20,AL,1,106,0
2020-03-21,AL,1,131,0
2020-03-22,AL,1,157,0
2020-03-23,AL,1,196,0
2020-03-24,AL,1,242,0
2020-03-25,AL,1,386,1
2020-03-26,AL,1,538,3
2020-03-27,AL,1,639,4
2020-03-28,AL,1,720,4
2020-03-29,AL,1,830,5
2020-03-30,AL,1,947,11
2020-03-31,AL,1,999,13
2020-04-01,AL,1,1106,28
2020-04-02,AL,1,1270,32
2020-04-03,AL,1,1535,38
2020-04-04,AL,1,1633,44
2020-04-05,AL,1,1841,45
2020-04-06,AL,1,2006,53
2020-04-07,AL,1,2197,64
2020-04-08,AL,1,2499,67
2020-04-09,AL,1,2838,78
2020-04-10,AL,1,3008,80
2020-04-11,AL,1,3262,93
2020-04-12,AL,1,3583,93
2020-03-11,AR,5,1,0
2020-03-12,AR,5,6,0
2020-03-13,AR,5,7,0
2020-03-14,AR,5,9,0
2020-03-15,AR,5,16,0
2020-03-16,AR,5,22,0
2020-03-17,AR,5,22,0
2020-03-18,AR,5,33,0
2020-03-19,AR,5,62,0
2020-03-20,AR,5,100,0
2020-03-21,AR,5,118,0
2020-03-22,AR,5,165,0
2020-03-23,AR,5,201,0
2020-03-24,AR,5,232,2
2020-03-25,AR,5,308,2
2020-03-26,AR,5,351,3
2020-03-27,AR,5,386,3
2020-03-28,AR,5,409,5
2020-03-29,AR,5,449,6
2020-03-30,AR,5,508,7
2020-03-31,AR,5,564,8
2020-04-01,AR,5,624,10
2020-04-02,AR,5,683,12
2020-04-03,AR,5,738,12
2020-04-04,AR,5,743,14
2020-04-05,AR,5,853,16
2020-04-06,AR,5,927,16
2020-04-07,AR,5,997,18
2020-04-08,AR,5,1077,18
2020-04-09,AR,5,1146,21
2020-04-10,AR,5,1202,24
2020-04-11,AR,5,1228,25
2020-04-12,AR,5,1280,27
2020-04-09,AS,60,0,0
2020-04-10,AS,60,0,0
2020-04-11,AS,60,0,0
2020-04-12,AS,60,0,0
2020-01-26,AZ,4,1,0
2020-01-27,AZ,4,1,0
2020-01-28,AZ,4,1,0
2020-01-29,AZ,4,1,0
2020-01-30,AZ,4,1,0
2020-01-31,AZ,4,1,0
2020-02-01,AZ,4,1,0
2020-02-02,AZ,4,1,0
2020-02-03,AZ,4,1,0
2020-02-04,AZ,4,1,0
2020-02-05,AZ,4,1,0
2020-02-06,AZ,4,1,0
2020-02-07,AZ,4,1,0
2020-02-08,AZ,4,1,0
2020-02-09,AZ,4,1,0
2020-02-10,AZ,4,1,0
2020-02-11,AZ,4,1,0
2020-02-12,AZ,4,1,0
2020-02-13,AZ,4,1,0
2020-02-14,AZ,4,1,0
2020-02-15,AZ,4,1,0
2020-02-16,AZ,4,1,0
2020-02-17,AZ,4,1,0
2020-02-18,AZ,4,1,0
2020-02-19,AZ,4,1,0
2020-02-20,AZ,4,1,0
2020-02-21,AZ,4,1,0
2020-02-22,AZ,4,1,0
2020-02-23,AZ,4,1,0
2020-02-24,AZ,4,1,0
2020-02-25,AZ,4,1,0
2020-02-26,AZ,4,1,0
2020-02-27,AZ,4,1,0
2020-02-28,AZ,4,1,0
2020-02-29,AZ,4,1,0
2020-03-01,AZ,4,1,0
2020-03-02,AZ,4,1,0
2020-03-03,AZ,4,2,0
2020-03-04,AZ,4,2,0
2020-03-05,AZ,4,2,0
2020-03-06,AZ,4,3,0
2020-03-07,AZ,4,5,0
2020-03-08,AZ,4,5,0
2020-03-09,AZ,4,6,0
2020-03-10,AZ,4,6,0
2020-03-11,AZ,4,9,0
2020-03-12,AZ,4,9,0
2020-03-13,AZ,4,9,0
2020-03-14,AZ,4,12,0
2020-03-15,AZ,4,13,0
2020-03-16,AZ,4,18,0
2020-03-17,AZ,4,20,0
2020-03-18,AZ,4,28,0
2020-03-19,AZ,4,47,0
2020-03-20,AZ,4,70,1
2020-03-21,AZ,4,104,1
2020-03-22,AZ,4,153,2
2020-03-23,AZ,4,234,2
2020-03-24,AZ,4,326,6
2020-03-25,AZ,4,402,6
2020-03-26,AZ,4,508,8
2020-03-27,AZ,4,665,15
2020-03-28,AZ,4,773,15
2020-03-29,AZ,4,929,18
2020-03-30,AZ,4,1169,20
2020-03-31,AZ,4,1298,24
2020-04-01,AZ,4,1413,29
2020-04-02,AZ,4,1600,35
2020-04-03,AZ,4,1769,41
2020-04-04,AZ,4,2019,53
2020-04-05,AZ,4,2269,64
2020-04-06,AZ,4,2465,67
2020-04-07,AZ,4,2575,77
2020-04-08,AZ,4,2726,80
2020-04-09,AZ,4,3018,89
2020-04-10,AZ,4,3112,97
2020-04-11,AZ,4,3393,112
2020-04-12,AZ,4,3539,117
2020-01-25,CA,6,1,0
2020-01-26,CA,6,2,0
2020-01-27,CA,6,2,0
2020-01-28,CA,6,2,0
2020-01-29,CA,6,2,0
2020-01-30,CA,6,2,0
2020-01-31,CA,6,3,0
2020-02-01,CA,6,3,0
2020-02-02,CA,6,6,0
2020-02-03,CA,6,6,0
2020-02-04,CA,6,6,0
2020-02-05,CA,6,6,0
2020-02-06,CA,6,6,0
2020-02-07,CA,6,6,0
2020-02-08,CA,6,6,0
2020-02-09,CA,6,6,0
2020-02-10,CA,6,7,0
2020-02-11,CA,6,7,0
2020-02-12,CA,6,7,0
2020-02-13,CA,6,7,0
2020-02-14,CA,6,7,0
2020-02-15,CA,6,7,0
2020-02-16,CA,6,7,0
2020-02-17,CA,6,7,0
2020-02-18,CA,6,7,0
2020-02-19,CA,6,7,0
2020-02-20,CA,6,8,0
2020-02-21,CA,6,9,0
2020-02-22,CA,6,9,0
2020-02-23,CA,6,9,0
2020-02-24,CA,6,11,0
2020-02-25,CA,6,11,0
2020-02-26,CA,6,26,0
2020-02-27,CA,6,26,0
2020-02-28,CA,6,27,0
2020-02-29,CA,6,28,0
2020-03-01,CA,6,33,0
2020-03-02,CA,6,38,0
2020-03-03,CA,6,45,0
2020-03-04,CA,6,55,1
2020-03-05,CA,6,67,1
2020-03-06,CA,6,81,1
2020-03-07,CA,6,100,1
2020-03-08,CA,6,112,1
2020-03-09,CA,6,172,2
2020-03-10,CA,6,179,3
2020-03-11,CA,6,202,4
2020-03-12,CA,6,252,4
2020-03-13,CA,6,320,5
2020-03-14,CA,6,381,5
2020-03-15,CA,6,478,6
2020-03-16,CA,6,588,11
2020-03-17,CA,6,732,14
2020-03-18,CA,6,893,17
2020-03-19,CA,6,1067,19
2020-03-20,CA,6,1283,24
2020-03-21,CA,6,1544,28
2020-03-22,CA,6,1851,35
2020-03-23,CA,6,2240,39
2020-03-24,CA,6,2644,52
2020-03-25,CA,6,3183,67
2020-03-26,CA,6,4060,82
2020-03-27,CA,6,4914,102
2020-03-28,CA,6,5565,121
2020-03-29,CA,6,6266,130
2020-03-30,CA,6,7421,146
2020-03-31,CA,6,8582,183
2020-04-01,CA,6,9816,212
2020-04-02,CA,6,11190,247
2020-04-03,CA,6,12569,282
2020-04-04,CA,6,13796,323
2020-04-05,CA,6,15076,349
2020-04-06,CA,6,16284,386
2020-04-07,CA,6,17540,447
2020-04-08,CA,6,19043,506
2020-04-09,CA,6,20191,548
2020-04-10,CA,6,21366,594
2020-04-11,CA,6,22421,632
2020-04-12,CA,6,23323,676
2020-03-05,CO,8,2,0
2020-03-06,CO,8,8,0
2020-03-07,CO,8,8,0
2020-03-08,CO,8,8,0
2020-03-09,CO,8,12,0
2020-03-10,CO,8,17,0
2020-03-11,CO,8,34,0
2020-03-12,CO,8,49,1
2020-03-13,CO,8,78,2
2020-03-14,CO,8,103,2
2020-03-15,CO,8,136,2
2020-03-16,CO,8,161,2
2020-03-17,CO,8,183,3
2020-03-18,CO,8,216,3
2020-03-19,CO,8,278,5
2020-03-20,CO,8,364,5
2020-03-21,CO,8,475,6
2020-03-22,CO,8,591,7
2020-03-23,CO,8,721,10
2020-03-24,CO,8,912,11
2020-03-25,CO,8,1086,19
2020-03-26,CO,8,1432,24
2020-03-27,CO,8,1735,31
2020-03-28,CO,8,2061,44
2020-03-29,CO,8,2315,47
2020-03-30,CO,8,2628,51
2020-03-31,CO,8,2990,69
2020-04-01,CO,8,3346,80
2020-04-02,CO,8,3728,96
2020-04-03,CO,8,4182,110
2020-04-04,CO,8,4574,126
2020-04-05,CO,8,4950,140
2020-04-06,CO,8,5172,150
2020-04-07,CO,8,5429,179
2020-04-08,CO,8,5655,192
2020-04-09,CO,8,6202,227
2020-04-10,CO,8,6510,253
2020-04-11,CO,8,6893,274
2020-04-12,CO,8,7303,290
2020-03-08,CT,9,1,0
2020-03-09,CT,9,2,0
2020-03-10,CT,9,2,0
2020-03-11,CT,9,3,0
2020-03-12,CT,9,6,0
2020-03-13,CT,9,11,0
2020-03-14,CT,9,20,0
2020-03-15,CT,9,26,0
2020-03-16,CT,9,41,0
2020-03-17,CT,9,68,0
2020-03-18,CT,9,96,1
2020-03-19,CT,9,159,4
2020-03-20,CT,9,194,4
2020-03-21,CT,9,223,5
2020-03-22,CT,9,327,8
2020-03-23,CT,9,415,10
2020-03-24,CT,9,618,12
2020-03-25,CT,9,875,19
2020-03-26,CT,9,1012,21
2020-03-27,CT,9,1291,27
2020-03-28,CT,9,1524,33
2020-03-29,CT,9,1993,34
2020-03-30,CT,9,2571,36
2020-03-31,CT,9,3128,69
2020-04-01,CT,9,3557,85
2020-04-02,CT,9,3824,112
2020-04-03,CT,9,4915,132
2020-04-04,CT,9,5276,165
2020-04-05,CT,9,5675,189
2020-04-06,CT,9,6906,206
2020-04-07,CT,9,7781,277
2020-04-08,CT,9,8781,335
2020-04-09,CT,9,9784,380
2020-04-10,CT,9,10538,448
2020-04-11,CT,9,11510,494
2020-04-12,CT,9,12035,554
2020-03-07,DC,11,1,0
2020-03-08,DC,11,1,0
2020-03-09,DC,11,4,0
2020-03-10,DC,11,4,0
2020-03-11,DC,11,10,0
2020-03-12,DC,11,10,0
2020-03-13,DC,11,10,0
2020-03-14,DC,11,16,0
2020-03-15,DC,11,17,0
2020-03-16,DC,11,22,0
2020-03-17,DC,11,31,0
2020-03-18,DC,11,36,0
2020-03-19,DC,11,68,0
2020-03-20,DC,11,77,1
2020-03-21,DC,11,98,1
2020-03-22,DC,11,116,2
2020-03-23,DC,11,138,2
2020-03-24,DC,11,183,2
2020-03-25,DC,11,231,3
2020-03-26,DC,11,267,3
2020-03-27,DC,11,304,4
2020-03-28,DC,11,342,4
2020-03-29,DC,11,342,4
2020-03-30,DC,11,495,9
2020-03-31,DC,11,495,9
2020-04-01,DC,11,586,11
2020-04-02,DC,11,653,12
2020-04-03,DC,11,757,15
2020-04-04,DC,11,902,21
2020-04-05,DC,11,998,22
2020-04-06,DC,11,1097,24
2020-04-07,DC,11,1211,22
2020-04-08,DC,11,1440,27
2020-04-09,DC,11,1523,32
2020-04-10,DC,11,1660,38
2020-04-11,DC,11,1778,47
2020-04-12,DC,11,1875,50
2020-03-11,DE,10,1,0
2020-03-12,DE,10,4,0
2020-03-13,DE,10,4,0
2020-03-14,DE,10,4,0
2020-03-15,DE,10,7,0
2020-03-16,DE,10,8,0
2020-03-17,DE,10,16,0
2020-03-18,DE,10,26,0
2020-03-19,DE,10,30,0
2020-03-20,DE,10,39,0
2020-03-21,DE,10,45,0
2020-03-22,DE,10,56,0
2020-03-23,DE,10,87,0
2020-03-24,DE,10,104,0
2020-03-25,DE,10,119,0
2020-03-26,DE,10,143,1
2020-03-27,DE,10,165,2
2020-03-28,DE,10,214,5
2020-03-29,DE,10,232,6
2020-03-30,DE,10,264,7
2020-03-31,DE,10,319,10
2020-04-01,DE,10,368,11
2020-04-02,DE,10,393,12
2020-04-03,DE,10,450,14
2020-04-04,DE,10,593,14
2020-04-05,DE,10,673,14
2020-04-06,DE,10,783,15
2020-04-07,DE,10,928,16
2020-04-08,DE,10,1116,19
2020-04-09,DE,10,1209,23
2020-04-10,DE,10,1326,32
2020-04-11,DE,10,1479,33
2020-04-12,DE,10,1625,35
2020-03-01,FL,12,2,0
2020-03-02,FL,12,2,0
2020-03-03,FL,12,3,0
2020-03-04,FL,12,3,0
2020-03-05,FL,12,4,0
2020-03-06,FL,12,7,2
2020-03-07,FL,12,12,2
2020-03-08,FL,12,13,2
2020-03-09,FL,12,14,2
2020-03-10,FL,12,23,2
2020-03-11,FL,12,26,2
2020-03-12,FL,12,46,2
2020-03-13,FL,12,70,2
2020-03-14,FL,12,70,3
2020-03-15,FL,12,109,3
2020-03-16,FL,12,141,4
2020-03-17,FL,12,210,6
2020-03-18,FL,12,326,7
2020-03-19,FL,12,434,8
2020-03-20,FL,12,564,9
2020-03-21,FL,12,764,11
2020-03-22,FL,12,1000,13
2020-03-23,FL,12,1222,18
2020-03-24,FL,12,1467,19
2020-03-25,FL,12,1965,23
2020-03-26,FL,12,2477,29
2020-03-27,FL,12,3198,46
2020-03-28,FL,12,4038,56
2020-03-29,FL,12,4942,59
2020-03-30,FL,12,5694,71
2020-03-31,FL,12,6741,85
2020-04-01,FL,12,7765,100
2020-04-02,FL,12,9000,144
2020-04-03,FL,12,10260,169
2020-04-04,FL,12,11537,194
2020-04-05,FL,12,12342,220
2020-04-06,FL,12,13621,253
2020-04-07,FL,12,14739,295
2020-04-08,FL,12,15690,322
2020-04-09,FL,12,16819,370
2020-04-10,FL,12,17960,418
2020-04-11,FL,12,18978,445
2020-04-12,FL,12,19887,460
2020-03-02,GA,13,2,0
2020-03-03,GA,13,2,0
2020-03-04,GA,13,2,0
2020-03-05,GA,13,2,0
2020-03-06,GA,13,3,0
2020-03-07,GA,13,7,0
2020-03-08,GA,13,11,0
2020-03-09,GA,13,17,0
2020-03-10,GA,13,22,0
2020-03-11,GA,13,31,0
2020-03-12,GA,13,31,1
2020-03-13,GA,13,41,1
2020-03-14,GA,13,65,1
2020-03-15,GA,13,97,1
2020-03-16,GA,13,118,1
2020-03-17,GA,13,142,1
2020-03-18,GA,13,193,3
2020-03-19,GA,13,282,10
2020-03-20,GA,13,482,14
2020-03-21,GA,13,552,20
2020-03-22,GA,13,620,25
2020-03-23,GA,13,800,25
2020-03-24,GA,13,1097,38
2020-03-25,GA,13,1387,47
2020-03-26,GA,13,1643,56
2020-03-27,GA,13,2198,64
2020-03-28,GA,13,2447,79
2020-03-29,GA,13,2683,83
2020-03-30,GA,13,3032,102
2020-03-31,GA,13,4117,125
2020-04-01,GA,13,4748,154
2020-04-02,GA,13,5444,176
2020-04-03,GA,13,5967,198
2020-04-04,GA,13,6383,208
2020-04-05,GA,13,6742,219
2020-04-06,GA,13,7558,294
2020-04-07,GA,13,9156,348
2020-04-08,GA,13,10204,370
2020-04-09,GA,13,10885,412
2020-04-10,GA,13,11859,425
2020-04-11,GA,13,12261,432
2020-04-12,GA,13,12103,438
2020-03-15,GU,66,3,0
2020-03-16,GU,66,3,0
2020-03-17,GU,66,3,0
2020-03-18,GU,66,8,0
2020-03-19,GU,66,12,0
2020-03-20,GU,66,14,0
2020-03-21,GU,66,15,0
2020-03-22,GU,66,27,1
2020-03-23,GU,66,29,1
2020-03-24,GU,66,32,1
2020-03-25,GU,66,32,1
2020-03-26,GU,66,49,1
2020-03-27,GU,66,53,1
2020-03-28,GU,66,57,1
2020-03-29,GU,66,58,1
2020-03-30,GU,66,60,1
2020-03-31,GU,66,139,2
2020-04-01,GU,66,147,3
2020-04-02,GU,66,152,3
2020-04-03,GU,66,154,4
2020-04-04,GU,66,223,4
2020-04-05,GU,66,265,4
2020-04-06,GU,66,266,4
2020-04-07,GU,66,274,4
2020-04-08,GU,66,409,4
2020-04-09,GU,66,542,4
2020-04-10,GU,66,577,4
2020-04-11,GU,66,681,5
2020-04-12,GU,66,716,5
2020-03-06,HI,15,1,0
2020-03-07,HI,15,1,0
2020-03-08,HI,15,2,0
2020-03-09,HI,15,2,0
2020-03-10,HI,15,2,0
2020-03-11,HI,15,2,0
2020-03-12,HI,15,2,0
2020-03-13,HI,15,2,0
2020-03-14,HI,15,4,0
2020-03-15,HI,15,7,0
2020-03-16,HI,15,10,0
2020-03-17,HI,15,14,0
2020-03-18,HI,15,16,0
2020-03-19,HI,15,26,0
2020-03-20,HI,15,37,0
2020-03-21,HI,15,48,0
2020-03-22,HI,15,56,0
2020-03-23,HI,15,77,0
2020-03-24,HI,15,90,0
2020-03-25,HI,15,95,0
2020-03-26,HI,15,106,0
2020-03-27,HI,15,120,0
2020-03-28,HI,15,151,0
2020-03-29,HI,15,175,0
2020-03-30,HI,15,204,0
2020-03-31,HI,15,224,1
2020-04-01,HI,15,258,1
2020-04-02,HI,15,283,2
2020-04-03,HI,15,317,3
2020-04-04,HI,15,349,3
2020-04-05,HI,15,369,4
2020-04-06,HI,15,385,5
2020-04-07,HI,15,408,5
2020-04-08,HI,15,433,5
2020-04-09,HI,15,440,6
2020-04-10,HI,15,463,8
2020-04-11,HI,15,484,8
2020-04-12,HI,15,497,9
2020-03-08,IA,19,3,0
2020-03-09,IA,19,8,0
2020-03-10,IA,19,13,0
2020-03-11,IA,19,14,0
2020-03-12,IA,19,16,0
2020-03-13,IA,19,17,0
2020-03-14,IA,19,18,0
2020-03-15,IA,19,22,0
2020-03-16,IA,19,22,0
2020-03-17,IA,19,29,0
2020-03-18,IA,19,38,0
2020-03-19,IA,19,44,0
2020-03-20,IA,19,45,0
2020-03-21,IA,19,68,0
2020-03-22,IA,19,90,0
2020-03-23,IA,19,105,0
2020-03-24,IA,19,124,1
2020-03-25,IA,19,145,1
2020-03-26,IA,19,179,1
2020-03-27,IA,19,235,3
2020-03-28,IA,19,298,3
2020-03-29,IA,19,336,4
2020-03-30,IA,19,424,6
2020-03-31,IA,19,498,7
2020-04-01,IA,19,549,9
2020-04-02,IA,19,614,11
2020-04-03,IA,19,699,11
2020-04-04,IA,19,786,11
2020-04-05,IA,19,868,22
2020-04-06,IA,19,946,25
2020-04-07,IA,19,1048,26
2020-04-08,IA,19,1145,27
2020-04-09,IA,19,1270,27
2020-04-10,IA,19,1388,31
2020-04-11,IA,19,1510,34
2020-04-12,IA,19,1587,41
2020-03-13,ID,16,1,0
2020-03-14,ID,16,5,0
2020-03-15,ID,16,5,0
2020-03-16,ID,16,5,0
2020-03-17,ID,16,9,0
2020-03-18,ID,16,11,0
2020-03-19,ID,16,23,0
2020-03-20,ID,16,31,0
2020-03-21,ID,16,42,0
2020-03-22,ID,16,47,0
2020-03-23,ID,16,50,0
2020-03-24,ID,16,73,0
2020-03-25,ID,16,123,0
2020-03-26,ID,16,189,3
2020-03-27,ID,16,231,4
2020-03-28,ID,16,261,5
2020-03-29,ID,16,310,6
2020-03-30,ID,16,415,7
2020-03-31,ID,16,526,9
2020-04-01,ID,16,669,9
2020-04-02,ID,16,891,9
2020-04-03,ID,16,1013,10
2020-04-04,ID,16,1077,10
2020-04-05,ID,16,1101,10
2020-04-06,ID,16,1170,13
2020-04-07,ID,16,1210,15
2020-04-08,ID,16,1232,19
2020-04-09,ID,16,1353,24
2020-04-10,ID,16,1397,25
2020-04-11,ID,16,1407,27
2020-04-12,ID,16,1426,27
2020-01-24,IL,17,1,0
2020-01-25,IL,17,1,0
2020-01-26,IL,17,1,0
2020-01-27,IL,17,1,0
2020-01-28,IL,17,1,0
2020-01-29,IL,17,1,0
2020-01-30,IL,17,2,0
2020-01-31,IL,17,2,0
2020-02-01,IL,17,2,0
2020-02-02,IL,17,2,0
2020-02-03,IL,17,2,0
2020-02-04,IL,17,2,0
2020-02-05,IL,17,2,0
2020-02-06,IL,17,2,0
2020-02-07,IL,17,2,0
2020-02-08,IL,17,2,0
2020-02-09,IL,17,2,0
2020-02-10,IL,17,2,0
2020-02-11,IL,17,2,0
2020-02-12,IL,17,2,0
2020-02-13,IL,17,2,0
2020-02-14,IL,17,2,0
2020-02-15,IL,17,2,0
2020-02-16,IL,17,2,0
2020-02-17,IL,17,2,0
2020-02-18,IL,17,2,0
2020-02-19,IL,17,2,0
2020-02-20,IL,17,2,0
2020-02-21,IL,17,2,0
2020-02-22,IL,17,2,0
2020-02-23,IL,17,2,0
2020-02-24,IL,17,2,0
2020-02-25,IL,17,2,0
2020-02-26,IL,17,2,0
2020-02-27,IL,17,2,0
2020-02-28,IL,17,2,0
2020-02-29,IL,17,3,0
2020-03-01,IL,17,3,0
2020-03-02,IL,17,4,0
2020-03-03,IL,17,4,0
2020-03-04,IL,17,4,0
2020-03-05,IL,17,5,0
2020-03-06,IL,17,6,0
2020-03-07,IL,17,6,0
2020-03-08,IL,17,7,0
2020-03-09,IL,17,11,0
2020-03-10,IL,17,19,0
2020-03-11,IL,17,25,0
2020-03-12,IL,17,32,0
2020-03-13,IL,17,46,0
2020-03-14,IL,17,66,0
2020-03-15,IL,17,94,0
2020-03-16,IL,17,104,0
2020-03-17,IL,17,159,1
2020-03-18,IL,17,286,1
2020-03-19,IL,17,420,4
2020-03-20,IL,17,583,5
2020-03-21,IL,17,751,6
2020-03-22,IL,17,1047,9
2020-03-23,IL,17,1285,12
2020-03-24,IL,17,1535,16
2020-03-25,IL,17,1875,21
2020-03-26,IL,17,2538,26
2020-03-27,IL,17,3029,37
2020-03-28,IL,17,3547,50
2020-03-29,IL,17,4613,70
2020-03-30,IL,17,5070,84
2020-03-31,IL,17,5994,107
2020-04-01,IL,17,6980,146
2020-04-02,IL,17,7695,165
2020-04-03,IL,17,8904,211
2020-04-04,IL,17,10357,248
2020-04-05,IL,17,11276,282
2020-04-06,IL,17,12262,309
2020-04-07,IL,17,13549,384
2020-04-08,IL,17,15078,464
2020-04-09,IL,17,16422,534
2020-04-10,IL,17,17887,607
2020-04-11,IL,17,19180,682
2020-04-12,IL,17,20852,727
2020-03-06,IN,18,1,0
2020-03-07,IN,18,1,0
2020-03-08,IN,18,2,0
2020-03-09,IN,18,4,0
2020-03-10,IN,18,6,0
2020-03-11,IN,18,11,0
2020-03-12,IN,18,12,0
2020-03-13,IN,18,12,0
2020-03-14,IN,18,15,0
2020-03-15,IN,18,19,0
2020-03-16,IN,18,24,1
2020-03-17,IN,18,30,2
2020-03-18,IN,18,39,2
2020-03-19,IN,18,56,2
2020-03-20,IN,18,79,3
2020-03-21,IN,18,126,4
2020-03-22,IN,18,201,6
2020-03-23,IN,18,259,7
2020-03-24,IN,18,366,12
2020-03-25,IN,18,479,14
2020-03-26,IN,18,656,18
2020-03-27,IN,18,982,26
2020-03-28,IN,18,1232,31
2020-03-29,IN,18,1514,32
2020-03-30,IN,18,1788,35
2020-03-31,IN,18,2159,50
2020-04-01,IN,18,2565,65
2020-04-02,IN,18,3039,78
2020-04-03,IN,18,3437,102
2020-04-04,IN,18,3953,116
2020-04-05,IN,18,4411,127
2020-04-06,IN,18,4956,141
2020-04-07,IN,18,5507,173
2020-04-08,IN,18,5943,203
2020-04-09,IN,18,6351,246
2020-04-10,IN,18,6907,300
2020-04-11,IN,18,7435,330
2020-04-12,IN,18,7928,343
2020-03-07,KS,20,1,0
2020-03-08,KS,20,1,0
2020-03-09,KS,20,1,0
2020-03-10,KS,20,1,0
2020-03-11,KS,20,1,0
2020-03-12,KS,20,5,1
2020-03-13,KS,20,6,1
2020-03-14,KS,20,8,1
2020-03-15,KS,20,9,1
2020-03-16,KS,20,11,1
2020-03-17,KS,20,17,1
2020-03-18,KS,20,22,1
2020-03-19,KS,20,35,1
2020-03-20,KS,20,49,1
2020-03-21,KS,20,57,2
2020-03-22,KS,20,66,2
2020-03-23,KS,20,82,2
2020-03-24,KS,20,99,3
2020-03-25,KS,20,132,3
2020-03-26,KS,20,171,3
2020-03-27,KS,20,212,4
2020-03-28,KS,20,271,6
2020-03-29,KS,20,332,7
2020-03-30,KS,20,373,9
2020-03-31,KS,20,434,10
2020-04-01,KS,20,488,11
2020-04-02,KS,20,554,14
2020-04-03,KS,20,624,19
2020-04-04,KS,20,701,21
2020-04-05,KS,20,763,23
2020-04-06,KS,20,853,25
2020-04-07,KS,20,905,30
2020-04-08,KS,20,1055,38
2020-04-09,KS,20,1116,42
2020-04-10,KS,20,1180,50
2020-04-11,KS,20,1283,55
2020-04-12,KS,20,1338,56
2020-03-06,KY,21,1,0
2020-03-07,KY,21,1,0
2020-03-08,KY,21,4,0
2020-03-09,KY,21,5,0
2020-03-10,KY,21,7,0
2020-03-11,KY,21,7,0
2020-03-12,KY,21,11,0
2020-03-13,KY,21,11,0
2020-03-14,KY,21,18,0
2020-03-15,KY,21,21,0
2020-03-16,KY,21,22,1
2020-03-17,KY,21,26,1
2020-03-18,KY,21,35,1
2020-03-19,KY,21,47,2
2020-03-20,KY,21,63,2
2020-03-21,KY,21,84,3
2020-03-22,KY,21,103,3
2020-03-23,KY,21,124,3
2020-03-24,KY,21,157,3
2020-03-25,KY,21,198,5
2020-03-26,KY,21,248,5
2020-03-27,KY,21,302,8
2020-03-28,KY,21,394,9
2020-03-29,KY,21,439,9
2020-03-30,KY,21,480,11
2020-03-31,KY,21,590,18
2020-04-01,KY,21,682,20
2020-04-02,KY,21,755,34
2020-04-03,KY,21,770,34
2020-04-04,KY,21,917,40
2020-04-05,KY,21,1048,44
2020-04-06,KY,21,1057,52
2020-04-07,KY,21,1289,66
2020-04-08,KY,21,1393,73
2020-04-09,KY,21,1525,84
2020-04-10,KY,21,1702,90
2020-04-11,KY,21,1851,94
2020-04-12,KY,21,1963,98
2020-03-09,LA,22,1,0
2020-03-10,LA,22,6,0
2020-03-11,LA,22,13,0
2020-03-12,LA,22,14,0
2020-03-13,LA,22,36,0
2020-03-14,LA,22,77,1
2020-03-15,LA,22,103,2
2020-03-16,LA,22,137,3
2020-03-17,LA,22,196,5
2020-03-18,LA,22,280,7
2020-03-19,LA,22,392,10
2020-03-20,LA,22,537,10
2020-03-21,LA,22,763,16
2020-03-22,LA,22,837,20
2020-03-23,LA,22,1172,34
2020-03-24,LA,22,1388,46
2020-03-25,LA,22,1795,65
2020-03-26,LA,22,2305,83
2020-03-27,LA,22,2746,119
2020-03-28,LA,22,3315,137
2020-03-29,LA,22,3540,152
2020-03-30,LA,22,4025,186
2020-03-31,LA,22,5237,240
2020-04-01,LA,22,6424,273
2020-04-02,LA,22,9150,310
2020-04-03,LA,22,10297,370
2020-04-04,LA,22,12496,412
2020-04-05,LA,22,13010,477
2020-04-06,LA,22,14867,512
2020-04-07,LA,22,16284,582
2020-04-08,LA,22,17030,652
2020-04-09,LA,22,18283,702
2020-04-10,LA,22,19253,755
2020-04-11,LA,22,20014,806
2020-04-12,LA,22,20595,840
2020-02-01,MA,25,1,0
2020-02-02,MA,25,1,0
2020-02-03,MA,25,1,0
2020-02-04,MA,25,1,0
2020-02-05,MA,25,1,0
2020-02-06,MA,25,1,0
2020-02-07,MA,25,1,0
2020-02-08,MA,25,1,0
2020-02-09,MA,25,1,0
2020-02-10,MA,25,1,0
2020-02-11,MA,25,1,0
2020-02-12,MA,25,1,0
2020-02-13,MA,25,1,0
2020-02-14,MA,25,1,0
2020-02-15,MA,25,1,0
2020-02-16,MA,25,1,0
2020-02-17,MA,25,1,0
2020-02-18,MA,25,1,0
2020-02-19,MA,25,1,0
2020-02-20,MA,25,1,0
2020-02-21,MA,25,1,0
2020-02-22,MA,25,1,0
2020-02-23,MA,25,1,0
2020-02-24,MA,25,1,0
2020-02-25,MA,25,1,0
2020-02-26,MA,25,1,0
2020-02-27,MA,25,1,0
2020-02-28,MA,25,1,0
2020-02-29,MA,25,1,0
2020-03-01,MA,25,1,0
2020-03-02,MA,25,2,0
2020-03-03,MA,25,2,0
2020-03-04,MA,25,2,0
2020-03-05,MA,25,3,0
2020-03-06,MA,25,8,0
2020-03-07,MA,25,13,0
2020-03-08,MA,25,28,0
2020-03-09,MA,25,41,0
2020-03-10,MA,25,92,0
2020-03-11,MA,25,95,0
2020-03-12,MA,25,108,0
2020-03-13,MA,25,123,0
2020-03-14,MA,25,138,0
2020-03-15,MA,25,164,0
2020-03-16,MA,25,197,0
2020-03-17,MA,25,218,0
2020-03-18,MA,25,256,0
2020-03-19,MA,25,328,0
2020-03-20,MA,25,413,1
2020-03-21,MA,25,525,2
2020-03-22,MA,25,646,5
2020-03-23,MA,25,777,5
2020-03-24,MA,25,1159,11
2020-03-25,MA,25,1838,15
2020-03-26,MA,25,2417,25
2020-03-27,MA,25,3240,35
2020-03-28,MA,25,4257,44
2020-03-29,MA,25,4955,48
2020-03-30,MA,25,5752,61
2020-03-31,MA,25,6620,89
2020-04-01,MA,25,7738,122
2020-04-02,MA,25,8966,154
2020-04-03,MA,25,10402,192
2020-04-04,MA,25,11736,216
2020-04-05,MA,25,12500,231
2020-04-06,MA,25,13837,260
2020-04-07,MA,25,15202,356
2020-04-08,MA,25,16790,433
2020-04-09,MA,25,18941,503
2020-04-10,MA,25,20974,599
2020-04-11,MA,25,22860,686
2020-04-12,MA,25,25475,756
2020-03-05,MD,24,3,0
2020-03-06,MD,24,3,0
2020-03-07,MD,24,3,0
2020-03-08,MD,24,5,0
2020-03-09,MD,24,6,0
2020-03-10,MD,24,9,0
2020-03-11,MD,24,13,0
2020-03-12,MD,24,13,0
2020-03-13,MD,24,18,0
2020-03-14,MD,24,27,0
2020-03-15,MD,24,32,0
2020-03-16,MD,24,39,0
2020-03-17,MD,24,57,0
2020-03-18,MD,24,85,1
2020-03-19,MD,24,108,1
2020-03-20,MD,24,150,2
2020-03-21,MD,24,195,3
2020-03-22,MD,24,245,3
2020-03-23,MD,24,290,3
2020-03-24,MD,24,349,4
2020-03-25,MD,24,423,4
2020-03-26,MD,24,581,4
2020-03-27,MD,24,775,5
2020-03-28,MD,24,1066,10
2020-03-29,MD,24,1244,11
2020-03-30,MD,24,1414,15
2020-03-31,MD,24,1662,18
2020-04-01,MD,24,1985,33
2020-04-02,MD,24,2331,36
2020-04-03,MD,24,2758,42
2020-04-04,MD,24,3125,54
2020-04-05,MD,24,3609,68
2020-04-06,MD,24,4045,92
2020-04-07,MD,24,4371,104
2020-04-08,MD,24,5529,124
2020-04-09,MD,24,6185,139
2020-04-10,MD,24,6968,172
2020-04-11,MD,24,7694,207
2020-04-12,MD,24,8225,236
2020-03-12,ME,23,1,0
2020-03-13,ME,23,2,0
2020-03-14,ME,23,3,0
2020-03-15,ME,23,12,0
2020-03-16,ME,23,17,0
2020-03-17,ME,23,32,0
2020-03-18,ME,23,43,0
2020-03-19,ME,23,52,0
2020-03-20,ME,23,57,0
2020-03-21,ME,23,70,0
2020-03-22,ME,23,89,0
2020-03-23,ME,23,107,0
2020-03-24,ME,23,118,0
2020-03-25,ME,23,142,0
2020-03-26,ME,23,155,0
2020-03-27,ME,23,168,1
2020-03-28,ME,23,211,1
2020-03-29,ME,23,253,3
2020-03-30,ME,23,275,3
2020-03-31,ME,23,303,5
2020-04-01,ME,23,344,7
2020-04-02,ME,23,376,7
2020-04-03,ME,23,432,9
2020-04-04,ME,23,456,10
2020-04-05,ME,23,470,10
2020-04-06,ME,23,499,10
2020-04-07,ME,23,519,12
2020-04-08,ME,23,537,14
2020-04-09,ME,23,560,16
2020-04-10,ME,23,586,17
2020-04-11,ME,23,616,19
2020-04-12,ME,23,633,19
2020-03-10,MI,26,2,0
2020-03-11,MI,26,2,0
2020-03-12,MI,26,12,0
2020-03-13,MI,26,25,0
2020-03-14,MI,26,33,0
2020-03-15,MI,26,53,0
2020-03-16,MI,26,54,0
2020-03-17,MI,26,65,0
2020-03-18,MI,26,80,1
2020-03-19,MI,26,334,3
2020-03-20,MI,26,548,4
2020-03-21,MI,26,787,6
2020-03-22,MI,26,1033,9
2020-03-23,MI,26,1324,16
2020-03-24,MI,26,1791,24
2020-03-25,MI,26,2294,43
2020-03-26,MI,26,2878,63
2020-03-27,MI,26,3657,93
2020-03-28,MI,26,4635,111
2020-03-29,MI,26,5486,132
2020-03-30,MI,26,6508,197
2020-03-31,MI,26,7630,264
2020-04-01,MI,26,9293,336
2020-04-02,MI,26,10791,417
2020-04-03,MI,26,12670,478
2020-04-04,MI,26,14225,540
2020-04-05,MI,26,15635,616
2020-04-06,MI,26,17130,727
2020-04-07,MI,26,18852,845
2020-04-08,MI,26,20220,959
2020-04-09,MI,26,21375,1076
2020-04-10,MI,26,22646,1280
2020-04-11,MI,26,23853,1391
2020-04-12,MI,26,24494,1486
2020-03-06,MN,27,1,0
2020-03-07,MN,27,1,0
2020-03-08,MN,27,2,0
2020-03-09,MN,27,2,0
2020-03-10,MN,27,3,0
2020-03-11,MN,27,5,0
2020-03-12,MN,27,9,0
2020-03-13,MN,27,14,0
2020-03-14,MN,27,21,0
2020-03-15,MN,27,35,0
2020-03-16,MN,27,54,0
2020-03-17,MN,27,60,0
2020-03-18,MN,27,77,0
2020-03-19,MN,27,89,0
2020-03-20,MN,27,115,0
2020-03-21,MN,27,138,1
2020-03-22,MN,27,171,1
2020-03-23,MN,27,235,1
2020-03-24,MN,27,262,1
2020-03-25,MN,27,287,1
2020-03-26,MN,27,346,2
2020-03-27,MN,27,398,4
2020-03-28,MN,27,441,5
2020-03-29,MN,27,504,9
2020-03-30,MN,27,576,10
2020-03-31,MN,27,629,12
2020-04-01,MN,27,689,17
2020-04-02,MN,27,742,18
2020-04-03,MN,27,789,22
2020-04-04,MN,27,865,24
2020-04-05,MN,27,935,29
2020-04-06,MN,27,986,30
2020-04-07,MN,27,1069,34
2020-04-08,MN,27,1154,39
2020-04-09,MN,27,1242,50
2020-04-10,MN,27,1335,57
2020-04-11,MN,27,1427,64
2020-04-12,MN,27,1621,70
2020-03-07,MO,29,1,0
2020-03-08,MO,29,1,0
2020-03-09,MO,29,1,0
2020-03-10,MO,29,1,0
2020-03-11,MO,29,1,0
2020-03-12,MO,29,2,0
2020-03-13,MO,29,4,0
2020-03-14,MO,29,5,0
2020-03-15,MO,29,5,0
2020-03-16,MO,29,9,0
2020-03-17,MO,29,16,0
2020-03-18,MO,29,21,1
2020-03-19,MO,29,35,1
2020-03-20,MO,29,73,3
2020-03-21,MO,29,93,3
2020-03-22,MO,29,130,3
2020-03-23,MO,29,183,4
2020-03-24,MO,29,255,5
2020-03-25,MO,29,377,8
2020-03-26,MO,29,507,8
2020-03-27,MO,29,671,9
2020-03-28,MO,29,838,10
2020-03-29,MO,29,903,12
2020-03-30,MO,29,1050,13
2020-03-31,MO,29,1351,15
2020-04-01,MO,29,1581,18
2020-04-02,MO,29,1834,24
2020-04-03,MO,29,2113,31
2020-04-04,MO,29,2291,44
2020-04-05,MO,29,2367,52
2020-04-06,MO,29,2722,56
2020-04-07,MO,29,3037,79
2020-04-08,MO,29,3327,86
2020-04-09,MO,29,3539,94
2020-04-10,MO,29,3799,105
2020-04-11,MO,29,4024,116
2020-04-12,MO,29,4160,116
2020-03-28,MP,69,2,0
2020-03-29,MP,69,2,0
2020-03-30,MP,69,2,0
2020-03-31,MP,69,2,0
2020-04-01,MP,69,6,1
2020-04-02,MP,69,8,1
2020-04-03,MP,69,8,1
2020-04-04,MP,69,8,1
2020-04-05,MP,69,8,1
2020-04-06,MP,69,8,1
2020-04-07,MP,69,8,2
2020-04-08,MP,69,11,2
2020-04-09,MP,69,11,2
2020-04-10,MP,69,11,2
2020-04-11,MP,69,11,2
2020-04-12,MP,69,11,2
2020-03-11,MS,28,1,0
2020-03-12,MS,28,1,0
2020-03-13,MS,28,6,0
2020-03-14,MS,28,6,0
2020-03-15,MS,28,10,0
2020-03-16,MS,28,12,0
2020-03-17,MS,28,21,0
2020-03-18,MS,28,34,0
2020-03-19,MS,28,50,1
2020-03-20,MS,28,80,1
2020-03-21,MS,28,140,1
2020-03-22,MS,28,207,1
2020-03-23,MS,28,249,1
2020-03-24,MS,28,320,1
2020-03-25,MS,28,377,5
2020-03-26,MS,28,487,6
2020-03-27,MS,28,579,8
2020-03-28,MS,28,669,13
2020-03-29,MS,28,759,14
2020-03-30,MS,28,848,16
2020-03-31,MS,28,937,20
2020-04-01,MS,28,1073,22
2020-04-02,MS,28,1177,26
2020-04-03,MS,28,1358,29
2020-04-04,MS,28,1455,35
2020-04-05,MS,28,1638,43
2020-04-06,MS,28,1738,51
2020-04-07,MS,28,1915,59
2020-04-08,MS,28,2003,67
2020-04-09,MS,28,2260,76
2020-04-10,MS,28,2469,82
2020-04-11,MS,28,2642,93
2020-04-12,MS,28,2781,96
2020-03-13,MT,30,4,0
2020-03-14,MT,30,6,0
2020-03-15,MT,30,6,0
2020-03-16,MT,30,8,0
2020-03-17,MT,30,8,0
2020-03-18,MT,30,12,0
2020-03-19,MT,30,19,0
2020-03-20,MT,30,19,0
2020-03-21,MT,30,29,0
2020-03-22,MT,30,34,0
2020-03-23,MT,30,45,0
2020-03-24,MT,30,51,0
2020-03-25,MT,30,65,0
2020-03-26,MT,30,90,0
2020-03-27,MT,30,121,1
2020-03-28,MT,30,147,1
2020-03-29,MT,30,161,1
2020-03-30,MT,30,177,4
2020-03-31,MT,30,198,5
2020-04-01,MT,30,217,5
2020-04-02,MT,30,241,5
2020-04-03,MT,30,262,5
2020-04-04,MT,30,281,6
2020-04-05,MT,30,298,6
2020-04-06,MT,30,319,6
2020-04-07,MT,30,319,6
2020-04-08,MT,30,332,6
2020-04-09,MT,30,354,6
2020-04-10,MT,30,365,6
2020-04-11,MT,30,377,6
2020-04-12,MT,30,387,6
2020-03-03,NC,37,1,0
2020-03-04,NC,37,1,0
2020-03-05,NC,37,1,0
2020-03-06,NC,37,2,0
2020-03-07,NC,37,2,0
2020-03-08,NC,37,2,0
2020-03-09,NC,37,7,0
2020-03-10,NC,37,7,0
2020-03-11,NC,37,8,0
2020-03-12,NC,37,16,0
2020-03-13,NC,37,18,0
2020-03-14,NC,37,25,0
2020-03-15,NC,37,32,0
2020-03-16,NC,37,34,0
2020-03-17,NC,37,42,0
2020-03-18,NC,37,66,0
2020-03-19,NC,37,104,0
2020-03-20,NC,37,144,0
2020-03-21,NC,37,184,0
2020-03-22,NC,37,269,0
2020-03-23,NC,37,303,0
2020-03-24,NC,37,399,0
2020-03-25,NC,37,563,1
2020-03-26,NC,37,638,2
2020-03-27,NC,37,783,3
2020-03-28,NC,37,972,4
2020-03-29,NC,37,1167,6
2020-03-30,NC,37,1304,6
2020-03-31,NC,37,1528,10
2020-04-01,NC,37,1582,11
2020-04-02,NC,37,1857,17
2020-04-03,NC,37,2093,19
2020-04-04,NC,37,2402,30
2020-04-05,NC,37,2585,37
2020-04-06,NC,37,2870,40
2020-04-07,NC,37,3220,50
2020-04-08,NC,37,3423,61
2020-04-09,NC,37,3651,74
2020-04-10,NC,37,3906,78
2020-04-11,NC,37,4310,86
2020-04-12,NC,37,4520,86
2020-03-11,ND,38,1,0
2020-03-12,ND,38,1,0
2020-03-13,ND,38,1,0
2020-03-14,ND,38,1,0
2020-03-15,ND,38,1,0
2020-03-16,ND,38,1,0
2020-03-17,ND,38,5,0
2020-03-18,ND,38,7,0
2020-03-19,ND,38,19,0
2020-03-20,ND,38,27,0
2020-03-21,ND,38,28,0
2020-03-22,ND,38,30,0
2020-03-23,ND,38,32,0
2020-03-24,ND,38,36,0
2020-03-25,ND,38,45,0
2020-03-26,ND,38,58,0
2020-03-27,ND,38,68,1
2020-03-28,ND,38,94,1
2020-03-29,ND,38,98,1
2020-03-30,ND,38,109,3
2020-03-31,ND,38,126,3
2020-04-01,ND,38,147,3
2020-04-02,ND,38,159,3
2020-04-03,ND,38,173,3
2020-04-04,ND,38,186,3
2020-04-05,ND,38,207,3
2020-04-06,ND,38,225,3
2020-04-07,ND,38,237,4
2020-04-08,ND,38,251,4
2020-04-09,ND,38,269,5
2020-04-10,ND,38,278,7
2020-04-11,ND,38,293,7
2020-04-12,ND,38,308,8
2020-02-17,NE,31,10,0
2020-02-18,NE,31,10,0
2020-02-19,NE,31,10,0
2020-02-20,NE,31,11,0
2020-02-21,NE,31,11,0
2020-02-22,NE,31,11,0
2020-02-23,NE,31,11,0
2020-02-24,NE,31,12,0
2020-02-25,NE,31,13,0
2020-02-26,NE,31,13,0
2020-02-27,NE,31,13,0
2020-02-28,NE,31,13,0
2020-02-29,NE,31,13,0
2020-03-01,NE,31,13,0
2020-03-02,NE,31,13,0
2020-03-03,NE,31,13,0
2020-03-04,NE,31,13,0
2020-03-05,NE,31,13,0
2020-03-06,NE,31,14,0
2020-03-07,NE,31,14,0
2020-03-08,NE,31,16,0
2020-03-09,NE,31,16,0
2020-03-10,NE,31,17,0
2020-03-11,NE,31,23,0
2020-03-12,NE,31,24,0
2020-03-13,NE,31,27,0
2020-03-14,NE,31,29,0
2020-03-15,NE,31,31,0
2020-03-16,NE,31,33,0
2020-03-17,NE,31,36,0
2020-03-18,NE,31,43,0
2020-03-19,NE,31,47,0
2020-03-20,NE,31,53,0
2020-03-21,NE,31,61,0
2020-03-22,NE,31,62,0
2020-03-23,NE,31,73,0
2020-03-24,NE,31,77,0
2020-03-25,NE,31,84,0
2020-03-26,NE,31,92,0
2020-03-27,NE,31,100,2
2020-03-28,NE,31,122,2
2020-03-29,NE,31,137,2
2020-03-30,NE,31,185,3
2020-03-31,NE,31,193,4
2020-04-01,NE,31,249,5
2020-04-02,NE,31,273,6
2020-04-03,NE,31,296,6
2020-04-04,NE,31,339,8
2020-04-05,NE,31,377,8
2020-04-06,NE,31,438,10
2020-04-07,NE,31,490,12
2020-04-08,NE,31,538,14
2020-04-09,NE,31,594,15
2020-04-10,NE,31,679,18
2020-04-11,NE,31,729,18
2020-04-12,NE,31,820,18
2020-03-02,NH,33,1,0
2020-03-03,NH,33,2,0
2020-03-04,NH,33,2,0
2020-03-05,NH,33,2,0
2020-03-06,NH,33,2,0
2020-03-07,NH,33,4,0
2020-03-08,NH,33,4,0
2020-03-09,NH,33,4,0
2020-03-10,NH,33,5,0
2020-03-11,NH,33,5,0
2020-03-12,NH,33,6,0
2020-03-13,NH,33,7,0
2020-03-14,NH,33,7,0
2020-03-15,NH,33,13,0
2020-03-16,NH,33,17,0
2020-03-17,NH,33,26,0
2020-03-18,NH,33,39,0
2020-03-19,NH,33,44,0
2020-03-20,NH,33,55,0
2020-03-21,NH,33,65,0
2020-03-22,NH,33,78,0
2020-03-23,NH,33,101,1
2020-03-24,NH,33,108,1
2020-03-25,NH,33,137,1
2020-03-26,NH,33,158,1
2020-03-27,NH,33,187,2
2020-03-28,NH,33,214,2
2020-03-29,NH,33,258,3
2020-03-30,NH,33,314,3
2020-03-31,NH,33,367,3
2020-04-01,NH,33,415,4
2020-04-02,NH,33,479,5
2020-04-03,NH,33,540,7
2020-04-04,NH,33,621,9
2020-04-05,NH,33,669,9
2020-04-06,NH,33,715,9
2020-04-07,NH,33,747,13
2020-04-08,NH,33,788,18
2020-04-09,NH,33,819,21
2020-04-10,NH,33,885,22
2020-04-11,NH,33,929,23
2020-04-12,NH,33,985,23
2020-03-04,NJ,34,1,0
2020-03-05,NJ,34,2,0
2020-03-06,NJ,34,4,0
2020-03-07,NJ,34,4,0
2020-03-08,NJ,34,6,0
2020-03-09,NJ,34,11,0
2020-03-10,NJ,34,15,1
2020-03-11,NJ,34,23,1
2020-03-12,NJ,34,29,1
2020-03-13,NJ,34,50,1
2020-03-14,NJ,34,75,2
2020-03-15,NJ,34,98,2
2020-03-16,NJ,34,176,3
2020-03-17,NJ,34,268,3
2020-03-18,NJ,34,427,5
2020-03-19,NJ,34,735,9
2020-03-20,NJ,34,896,11
2020-03-21,NJ,34,1336,16
2020-03-22,NJ,34,1914,20
2020-03-23,NJ,34,2844,27
2020-03-24,NJ,34,3675,44
2020-03-25,NJ,34,4402,62
2020-03-26,NJ,34,6876,81
2020-03-27,NJ,34,8825,108
2020-03-28,NJ,34,11124,140
2020-03-29,NJ,34,13386,161
2020-03-30,NJ,34,16636,199
2020-03-31,NJ,34,18696,267
2020-04-01,NJ,34,22255,355
2020-04-02,NJ,34,25590,539
2020-04-03,NJ,34,29895,647
2020-04-04,NJ,34,34124,847
2020-04-05,NJ,34,37505,917
2020-04-06,NJ,34,41090,1005
2020-04-07,NJ,34,44416,1232
2020-04-08,NJ,34,47437,1504
2020-04-09,NJ,34,51027,1700
2020-04-10,NJ,34,54588,1932
2020-04-11,NJ,34,58151,2183
2020-04-12,NJ,34,61850,2350
2020-03-11,NM,35,4,0
2020-03-12,NM,35,6,0
2020-03-13,NM,35,10,0
2020-03-14,NM,35,13,0
2020-03-15,NM,35,17,0
2020-03-16,NM,35,21,0
2020-03-17,NM,35,23,0
2020-03-18,NM,35,28,0
2020-03-19,NM,35,35,0
2020-03-20,NM,35,43,0
2020-03-21,NM,35,57,0
2020-03-22,NM,35,65,0
2020-03-23,NM,35,83,0
2020-03-24,NM,35,100,0
2020-03-25,NM,35,112,1
2020-03-26,NM,35,136,1
2020-03-27,NM,35,191,1
2020-03-28,NM,35,208,2
2020-03-29,NM,35,237,2
2020-03-30,NM,35,281,4
2020-03-31,NM,35,315,5
2020-04-01,NM,35,363,6
2020-04-02,NM,35,403,7
2020-04-03,NM,35,495,10
2020-04-04,NM,35,543,11
2020-04-05,NM,35,624,12
2020-04-06,NM,35,686,12
2020-04-07,NM,35,794,13
2020-04-08,NM,35,865,16
2020-04-09,NM,35,989,17
2020-04-10,NM,35,1091,19
2020-04-11,NM,35,1174,20
2020-04-12,NM,35,1245,26
2020-03-05,NV,32,2,0
2020-03-06,NV,32,2,0
2020-03-07,NV,32,2,0
2020-03-08,NV,32,4,0
2020-03-09,NV,32,4,0
2020-03-10,NV,32,4,0
2020-03-11,NV,32,7,0
2020-03-12,NV,32,11,0
2020-03-13,NV,32,19,0
2020-03-14,NV,32,21,0
2020-03-15,NV,32,26,0
2020-03-16,NV,32,45,1
2020-03-17,NV,32,55,1
2020-03-18,NV,32,82,1
2020-03-19,NV,32,99,1
2020-03-20,NV,32,165,2
2020-03-21,NV,32,165,2
2020-03-22,NV,32,190,2
2020-03-23,NV,32,265,4
2020-03-24,NV,32,315,6
2020-03-25,NV,32,405,10
2020-03-26,NV,32,535,10
2020-03-27,NV,32,621,10
2020-03-28,NV,32,738,14
2020-03-29,NV,32,920,15
2020-03-30,NV,32,1044,18
2020-03-31,NV,32,1113,26
2020-04-01,NV,32,1279,32
2020-04-02,NV,32,1458,38
2020-04-03,NV,32,1549,43
2020-04-04,NV,32,1758,46
2020-04-05,NV,32,1880,46
2020-04-06,NV,32,1971,58
2020-04-07,NV,32,2101,60
2020-04-08,NV,32,2318,80
2020-04-09,NV,32,2456,82
2020-04-10,NV,32,2606,86
2020-04-11,NV,32,2720,111
2020-04-12,NV,32,2860,113
2020-03-01,NY,36,1,0
2020-03-02,NY,36,1,0
2020-03-03,NY,36,2,0
2020-03-04,NY,36,11,0
2020-03-05,NY,36,22,0
2020-03-06,NY,36,44,0
2020-03-07,NY,36,89,0
2020-03-08,NY,36,106,0
2020-03-09,NY,36,142,0
2020-03-10,NY,36,173,0
2020-03-11,NY,36,217,0
2020-03-12,NY,36,326,0
2020-03-13,NY,36,421,0
2020-03-14,NY,36,610,2
2020-03-15,NY,36,732,6
2020-03-16,NY,36,950,10
2020-03-17,NY,36,1374,17
2020-03-18,NY,36,2382,27
2020-03-19,NY,36,4152,30
2020-03-20,NY,36,7102,57
2020-03-21,NY,36,10356,80
2020-03-22,NY,36,15168,122
2020-03-23,NY,36,20875,159
2020-03-24,NY,36,25665,218
2020-03-25,NY,36,33066,325
2020-03-26,NY,36,38987,432
2020-03-27,NY,36,44635,535
2020-03-28,NY,36,53363,782
2020-03-29,NY,36,59568,965
2020-03-30,NY,36,67174,1224
2020-03-31,NY,36,75832,1550
2020-04-01,NY,36,83889,1941
2020-04-02,NY,36,92770,2653
2020-04-03,NY,36,102870,2935
2020-04-04,NY,36,114996,3568
2020-04-05,NY,36,122911,4161
2020-04-06,NY,36,130703,4758
2020-04-07,NY,36,140081,5563
2020-04-08,NY,36,149401,6268
2020-04-09,NY,36,159937,7067
2020-04-10,NY,36,170512,7844
2020-04-11,NY,36,180458,8627
2020-04-12,NY,36,188694,9385
2020-03-09,OH,39,3,0
2020-03-10,OH,39,3,0
2020-03-11,OH,39,4,0
2020-03-12,OH,39,5,0
2020-03-13,OH,39,13,0
2020-03-14,OH,39,26,0
2020-03-15,OH,39,37,0
2020-03-16,OH,39,50,0
2020-03-17,OH,39,67,0
2020-03-18,OH,39,90,0
2020-03-19,OH,39,120,0
2020-03-20,OH,39,169,1
2020-03-21,OH,39,247,3
2020-03-22,OH,39,351,3
2020-03-23,OH,39,444,6
2020-03-24,OH,39,564,8
2020-03-25,OH,39,706,11
2020-03-26,OH,39,867,15
2020-03-27,OH,39,1144,22
2020-03-28,OH,39,1406,25
2020-03-29,OH,39,1665,30
2020-03-30,OH,39,1933,40
2020-03-31,OH,39,2199,55
2020-04-01,OH,39,2547,65
2020-04-02,OH,39,2902,81
2020-04-03,OH,39,3312,91
2020-04-04,OH,39,3739,102
2020-04-05,OH,39,4043,119
2020-04-06,OH,39,4450,142
2020-04-07,OH,39,4782,167
2020-04-08,OH,39,5148,193
2020-04-09,OH,39,5512,213
2020-04-10,OH,39,5878,231
2020-04-11,OH,39,6250,247
2020-04-12,OH,39,6604,253
2020-03-06,OK,40,1,0
2020-03-07,OK,40,1,0
2020-03-08,OK,40,1,0
2020-03-09,OK,40,1,0
2020-03-10,OK,40,2,0
2020-03-11,OK,40,2,0
2020-03-12,OK,40,2,0
2020-03-13,OK,40,3,0
2020-03-14,OK,40,4,0
2020-03-15,OK,40,8,0
2020-03-16,OK,40,10,0
2020-03-17,OK,40,18,0
2020-03-18,OK,40,29,0
2020-03-19,OK,40,44,1
2020-03-20,OK,40,49,1
2020-03-21,OK,40,53,1
2020-03-22,OK,40,67,2
2020-03-23,OK,40,81,2
2020-03-24,OK,40,106,3
2020-03-25,OK,40,164,5
2020-03-26,OK,40,248,7
2020-03-27,OK,40,322,8
2020-03-28,OK,40,377,15
2020-03-29,OK,40,429,16
2020-03-30,OK,40,481,17
2020-03-31,OK,40,566,23
2020-04-01,OK,40,719,30
2020-04-02,OK,40,879,34
2020-04-03,OK,40,988,38
2020-04-04,OK,40,1159,42
2020-04-05,OK,40,1252,46
2020-04-06,OK,40,1327,51
2020-04-07,OK,40,1472,67
2020-04-08,OK,40,1524,79
2020-04-09,OK,40,1684,80
2020-04-10,OK,40,1794,88
2020-04-11,OK,40,1868,93
2020-04-12,OK,40,1970,96
2020-02-28,OR,41,1,0
2020-02-29,OR,41,1,0
2020-03-01,OR,41,2,0
2020-03-02,OR,41,2,0
2020-03-03,OR,41,2,0
2020-03-04,OR,41,2,0
2020-03-05,OR,41,2,0
2020-03-06,OR,41,2,0
2020-03-07,OR,41,6,0
2020-03-08,OR,41,13,0
2020-03-09,OR,41,13,0
2020-03-10,OR,41,14,0
2020-03-11,OR,41,20,0
2020-03-12,OR,41,30,0
2020-03-13,OR,41,30,0
2020-03-14,OR,41,36,1
2020-03-15,OR,41,39,1
2020-03-16,OR,41,46,1
2020-03-17,OR,41,66,2
2020-03-18,OR,41,74,3
2020-03-19,OR,41,87,3
2020-03-20,OR,41,114,3
2020-03-21,OR,41,137,4
2020-03-22,OR,41,161,5
2020-03-23,OR,41,191,5
2020-03-24,OR,41,209,8
2020-03-25,OR,41,266,10
2020-03-26,OR,41,316,11
2020-03-27,OR,41,414,12
2020-03-28,OR,41,479,13
2020-03-29,OR,41,548,13
2020-03-30,OR,41,606,16
2020-03-31,OR,41,690,18
2020-04-01,OR,41,736,19
2020-04-02,OR,41,826,21
2020-04-03,OR,41,899,22
2020-04-04,OR,41,999,26
2020-04-05,OR,41,1068,27
2020-04-06,OR,41,1132,29
2020-04-07,OR,41,1181,33
2020-04-08,OR,41,1239,38
2020-04-09,OR,41,1321,44
2020-04-10,OR,41,1371,48
2020-04-11,OR,41,1447,51
2020-04-12,OR,41,1527,52
2020-03-06,PA,42,2,0
2020-03-07,PA,42,4,0
2020-03-08,PA,42,6,0
2020-03-09,PA,42,10,0
2020-03-10,PA,42,12,0
2020-03-11,PA,42,16,0
2020-03-12,PA,42,22,0
2020-03-13,PA,42,41,0
2020-03-14,PA,42,47,0
2020-03-15,PA,42,68,0
2020-03-16,PA,42,81,0
2020-03-17,PA,42,101,0
2020-03-18,PA,42,139,1
2020-03-19,PA,42,187,1
2020-03-20,PA,42,269,1
2020-03-21,PA,42,388,2
2020-03-22,PA,42,504,3
2020-03-23,PA,42,644,6
2020-03-24,PA,42,851,7
2020-03-25,PA,42,1151,11
2020-03-26,PA,42,1690,16
2020-03-27,PA,42,2218,23
2020-03-28,PA,42,2815,35
2020-03-29,PA,42,3441,40
2020-03-30,PA,42,4156,48
2020-03-31,PA,42,4997,72
2020-04-01,PA,42,5805,74
2020-04-02,PA,42,7016,90
2020-04-03,PA,42,8420,102
2020-04-04,PA,42,10109,139
2020-04-05,PA,42,11589,159
2020-04-06,PA,42,13074,169
2020-04-07,PA,42,14582,240
2020-04-08,PA,42,16414,313
2020-04-09,PA,42,18379,344
2020-04-10,PA,42,20128,435
2020-04-11,PA,42,21774,515
2020-04-12,PA,42,22955,525
2020-03-13,PR,72,3,0
2020-03-14,PR,72,4,0
2020-03-15,PR,72,5,0
2020-03-16,PR,72,5,0
2020-03-17,PR,72,5,0
2020-03-18,PR,72,5,0
2020-03-19,PR,72,6,0
2020-03-20,PR,72,14,0
2020-03-21,PR,72,21,1
2020-03-22,PR,72,23,1
2020-03-23,PR,72,31,2
2020-03-24,PR,72,39,2
2020-03-25,PR,72,51,2
2020-03-26,PR,72,64,2
2020-03-27,PR,72,79,3
2020-03-28,PR,72,100,3
2020-03-29,PR,72,127,5
2020-03-30,PR,72,174,6
2020-03-31,PR,72,239,8
2020-04-01,PR,72,286,11
2020-04-02,PR,72,316,12
2020-04-03,PR,72,378,15
2020-04-04,PR,72,452,18
2020-04-05,PR,72,475,20
2020-04-06,PR,72,513,21
2020-04-07,PR,72,573,23
2020-04-08,PR,72,620,24
2020-04-09,PR,72,683,33
2020-04-10,PR,72,725,39
2020-04-11,PR,72,788,42
2020-04-12,PR,72,897,44
2020-03-01,RI,44,2,0
2020-03-02,RI,44,2,0
2020-03-03,RI,44,2,0
2020-03-04,RI,44,2,0
2020-03-05,RI,44,2,0
2020-03-06,RI,44,3,0
2020-03-07,RI,44,3,0
2020-03-08,RI,44,3,0
2020-03-09,RI,44,3,0
2020-03-10,RI,44,5,0
2020-03-11,RI,44,5,0
2020-03-12,RI,44,5,0
2020-03-13,RI,44,20,0
2020-03-14,RI,44,20,0
2020-03-15,RI,44,20,0
2020-03-16,RI,44,21,0
2020-03-17,RI,44,23,0
2020-03-18,RI,44,33,0
2020-03-19,RI,44,44,0
2020-03-20,RI,44,44,0
2020-03-21,RI,44,66,0
2020-03-22,RI,44,83,0
2020-03-23,RI,44,106,0
2020-03-24,RI,44,124,0
2020-03-25,RI,44,132,0
2020-03-26,RI,44,165,0
2020-03-27,RI,44,203,0
2020-03-28,RI,44,239,2
2020-03-29,RI,44,294,3
2020-03-30,RI,44,408,4
2020-03-31,RI,44,488,8
2020-04-01,RI,44,566,10
2020-04-02,RI,44,657,12
2020-04-03,RI,44,711,14
2020-04-04,RI,44,806,17
2020-04-05,RI,44,922,25
2020-04-06,RI,44,1082,27
2020-04-07,RI,44,1229,30
2020-04-08,RI,44,1450,35
2020-04-09,RI,44,1727,43
2020-04-10,RI,44,2015,49
2020-04-11,RI,44,2349,56
2020-04-12,RI,44,2665,63
2020-03-06,SC,45,2,0
2020-03-07,SC,45,2,0
2020-03-08,SC,45,6,0
2020-03-09,SC,45,7,0
2020-03-10,SC,45,9,0
2020-03-11,SC,45,10,0
2020-03-12,SC,45,12,0
2020-03-13,SC,45,13,0
2020-03-14,SC,45,19,0
2020-03-15,SC,45,28,0
2020-03-16,SC,45,33,1
2020-03-17,SC,45,47,1
2020-03-18,SC,45,60,1
2020-03-19,SC,45,81,1
2020-03-20,SC,45,126,3
2020-03-21,SC,45,172,3
2020-03-22,SC,45,194,3
2020-03-23,SC,45,299,5
2020-03-24,SC,45,342,7
2020-03-25,SC,45,424,7
2020-03-26,SC,45,456,9
2020-03-27,SC,45,539,13
2020-03-28,SC,45,660,15
2020-03-29,SC,45,774,16
2020-03-30,SC,45,925,18
2020-03-31,SC,45,1083,22
2020-04-01,SC,45,1293,26
2020-04-02,SC,45,1554,31
2020-04-03,SC,45,1700,34
2020-04-04,SC,45,1917,40
2020-04-05,SC,45,2049,44
2020-04-06,SC,45,2232,48
2020-04-07,SC,45,2417,51
2020-04-08,SC,45,2552,63
2020-04-09,SC,45,2792,67
2020-04-10,SC,45,3065,72
2020-04-11,SC,45,3207,80
2020-04-12,SC,45,3319,82
2020-03-10,SD,46,5,1
2020-03-11,SD,46,8,1
2020-03-12,SD,46,8,1
2020-03-13,SD,46,9,1
2020-03-14,SD,46,9,1
2020-03-15,SD,46,9,1
2020-03-16,SD,46,10,1
2020-03-17,SD,46,11,1
2020-03-18,SD,46,11,1
2020-03-19,SD,46,14,1
2020-03-20,SD,46,14,1
2020-03-21,SD,46,14,1
2020-03-22,SD,46,21,1
2020-03-23,SD,46,28,1
2020-03-24,SD,46,30,1
2020-03-25,SD,46,41,1
2020-03-26,SD,46,46,1
2020-03-27,SD,46,58,1
2020-03-28,SD,46,68,1
2020-03-29,SD,46,90,1
2020-03-30,SD,46,101,1
2020-03-31,SD,46,108,1
2020-04-01,SD,46,129,2
2020-04-02,SD,46,165,2
2020-04-03,SD,46,187,2
2020-04-04,SD,46,212,2
2020-04-05,SD,46,240,2
2020-04-06,SD,46,288,4
2020-04-07,SD,46,320,6
2020-04-08,SD,46,393,6
2020-04-09,SD,46,447,7
2020-04-10,SD,46,536,7
2020-04-11,SD,46,626,6
2020-04-12,SD,46,730,6
2020-03-05,TN,47,1,0
2020-03-06,TN,47,1,0
2020-03-07,TN,47,1,0
2020-03-08,TN,47,3,0
2020-03-09,TN,47,4,0
2020-03-10,TN,47,7,0
2020-03-11,TN,47,8,0
2020-03-12,TN,47,18,0
2020-03-13,TN,47,26,0
2020-03-14,TN,47,32,0
2020-03-15,TN,47,39,0
2020-03-16,TN,47,52,0
2020-03-17,TN,47,73,0
2020-03-18,TN,47,98,0
2020-03-19,TN,47,155,0
2020-03-20,TN,47,237,0
2020-03-21,TN,47,312,2
2020-03-22,TN,47,424,2
2020-03-23,TN,47,522,2
2020-03-24,TN,47,679,2
2020-03-25,TN,47,806,3
2020-03-26,TN,47,981,3
2020-03-27,TN,47,1180,6
2020-03-28,TN,47,1364,6
2020-03-29,TN,47,1570,7
2020-03-30,TN,47,1721,13
2020-03-31,TN,47,2049,13
2020-04-01,TN,47,2690,23
2020-04-02,TN,47,2869,32
2020-04-03,TN,47,3032,36
2020-04-04,TN,47,3265,47
2020-04-05,TN,47,3538,50
2020-04-06,TN,47,3753,65
2020-04-07,TN,47,4010,72
2020-04-08,TN,47,4246,83
2020-04-09,TN,47,4456,95
2020-04-10,TN,47,4793,104
2020-04-11,TN,47,4983,107
2020-04-12,TN,47,5144,107
2020-02-12,TX,48,1,0
2020-02-13,TX,48,2,0
2020-02-14,TX,48,2,0
2020-02-15,TX,48,2,0
2020-02-16,TX,48,2,0
2020-02-17,TX,48,2,0
2020-02-18,TX,48,2,0
2020-02-19,TX,48,2,0
2020-02-20,TX,48,2,0
2020-02-21,TX,48,4,0
2020-02-22,TX,48,4,0
2020-02-23,TX,48,4,0
2020-02-24,TX,48,10,0
2020-02-25,TX,48,10,0
2020-02-26,TX,48,10,0
2020-02-27,TX,48,10,0
2020-02-28,TX,48,11,0
2020-02-29,TX,48,11,0
2020-03-01,TX,48,11,0
2020-03-02,TX,48,11,0
2020-03-03,TX,48,11,0
2020-03-04,TX,48,12,0
2020-03-05,TX,48,16,0
2020-03-06,TX,48,19,0
2020-03-07,TX,48,19,0
2020-03-08,TX,48,23,0
2020-03-09,TX,48,24,0
2020-03-10,TX,48,31,0
2020-03-11,TX,48,33,0
2020-03-12,TX,48,41,0
2020-03-13,TX,48,58,0
2020-03-14,TX,48,69,0
2020-03-15,TX,48,80,0
2020-03-16,TX,48,87,1
2020-03-17,TX,48,106,1
2020-03-18,TX,48,166,2
2020-03-19,TX,48,248,4
2020-03-20,TX,48,377,5
2020-03-21,TX,48,547,5
2020-03-22,TX,48,632,7
2020-03-23,TX,48,728,7
2020-03-24,TX,48,857,11
2020-03-25,TX,48,1119,12
2020-03-26,TX,48,1543,21
2020-03-27,TX,48,1942,23
2020-03-28,TX,48,2161,29
2020-03-29,TX,48,2712,35
2020-03-30,TX,48,3043,46
2020-03-31,TX,48,3576,57
2020-04-01,TX,48,4261,63
2020-04-02,TX,48,4880,79
2020-04-03,TX,48,5669,97
2020-04-04,TX,48,6566,124
2020-04-05,TX,48,7094,137
2020-04-06,TX,48,8115,160
2020-04-07,TX,48,8974,178
2020-04-08,TX,48,9900,195
2020-04-09,TX,48,11372,228
2020-04-10,TX,48,12288,247
2020-04-11,TX,48,13206,266
2020-04-12,TX,48,13774,289
2020-02-25,UT,49,1,0
2020-02-26,UT,49,1,0
2020-02-27,UT,49,1,0
2020-02-28,UT,49,1,0
2020-02-29,UT,49,1,0
2020-03-01,UT,49,1,0
2020-03-02,UT,49,1,0
2020-03-03,UT,49,1,0
2020-03-04,UT,49,1,0
2020-03-05,UT,49,1,0
2020-03-06,UT,49,3,0
2020-03-07,UT,49,3,0
2020-03-08,UT,49,3,0
2020-03-09,UT,49,3,0
2020-03-10,UT,49,4,0
2020-03-11,UT,49,5,0
2020-03-12,UT,49,7,0
2020-03-13,UT,49,7,0
2020-03-14,UT,49,21,0
2020-03-15,UT,49,29,0
2020-03-16,UT,49,40,0
2020-03-17,UT,49,51,0
2020-03-18,UT,49,65,0
2020-03-19,UT,49,80,0
2020-03-20,UT,49,112,0
2020-03-21,UT,49,138,0
2020-03-22,UT,49,182,1
2020-03-23,UT,49,257,1
2020-03-24,UT,49,298,1
2020-03-25,UT,49,346,1
2020-03-26,UT,49,402,1
2020-03-27,UT,49,480,2
2020-03-28,UT,49,608,2
2020-03-29,UT,49,719,2
2020-03-30,UT,49,806,4
2020-03-31,UT,49,887,5
2020-04-01,UT,49,1012,7
2020-04-02,UT,49,1074,7
2020-04-03,UT,49,1260,7
2020-04-04,UT,49,1428,8
2020-04-05,UT,49,1605,8
2020-04-06,UT,49,1675,13
2020-04-07,UT,49,1752,13
2020-04-08,UT,49,1875,13
2020-04-09,UT,49,1980,13
2020-04-10,UT,49,2103,17
2020-04-11,UT,49,2206,18
2020-04-12,UT,49,2303,18
2020-03-07,VA,51,1,0
2020-03-08,VA,51,2,0
2020-03-09,VA,51,5,0
2020-03-10,VA,51,8,0
2020-03-11,VA,51,10,0
2020-03-12,VA,51,17,0
2020-03-13,VA,51,30,0
2020-03-14,VA,51,42,1
2020-03-15,VA,51,45,1
2020-03-16,VA,51,51,1
2020-03-17,VA,51,67,2
2020-03-18,VA,51,78,2
2020-03-19,VA,51,94,2
2020-03-20,VA,51,115,2
2020-03-21,VA,51,152,3
2020-03-22,VA,51,219,6
2020-03-23,VA,51,254,6
2020-03-24,VA,51,290,7
2020-03-25,VA,51,391,9
2020-03-26,VA,51,604,14
2020-03-27,VA,51,606,14
2020-03-28,VA,51,740,17
2020-03-29,VA,51,890,22
2020-03-30,VA,51,1021,26
2020-03-31,VA,51,1250,27
2020-04-01,VA,51,1511,34
2020-04-02,VA,51,1706,41
2020-04-03,VA,51,2012,46
2020-04-04,VA,51,2407,52
2020-04-05,VA,51,2637,52
2020-04-06,VA,51,2878,54
2020-04-07,VA,51,3333,69
2020-04-08,VA,51,3645,75
2020-04-09,VA,51,4042,109
2020-04-10,VA,51,4509,121
2020-04-11,VA,51,5077,130
2020-04-12,VA,51,5274,141
2020-03-14,VI,78,1,0
2020-03-15,VI,78,1,0
2020-03-16,VI,78,2,0
2020-03-17,VI,78,2,0
2020-03-18,VI,78,3,0
2020-03-19,VI,78,3,0
2020-03-20,VI,78,6,0
2020-03-21,VI,78,6,0
2020-03-22,VI,78,17,0
2020-03-23,VI,78,17,0
2020-03-24,VI,78,17,0
2020-03-25,VI,78,17,0
2020-03-26,VI,78,17,0
2020-03-27,VI,78,19,0
2020-03-28,VI,78,19,0
2020-03-29,VI,78,23,0
2020-03-30,VI,78,30,0
2020-03-31,VI,78,30,0
2020-04-01,VI,78,30,0
2020-04-02,VI,78,37,0
2020-04-03,VI,78,38,0
2020-04-04,VI,78,42,0
2020-04-05,VI,78,42,0
2020-04-06,VI,78,43,1
2020-04-07,VI,78,45,1
2020-04-08,VI,78,45,1
2020-04-09,VI,78,46,1
2020-04-10,VI,78,46,1
2020-04-11,VI,78,51,1
2020-04-12,VI,78,51,1
2020-03-07,VT,50,1,0
2020-03-08,VT,50,1,0
2020-03-09,VT,50,1,0
2020-03-10,VT,50,1,0
2020-03-11,VT,50,2,0
2020-03-12,VT,50,2,0
2020-03-13,VT,50,2,0
2020-03-14,VT,50,5,0
2020-03-15,VT,50,8,0
2020-03-16,VT,50,12,0
2020-03-17,VT,50,14,0
2020-03-18,VT,50,19,0
2020-03-19,VT,50,22,2
2020-03-20,VT,50,29,2
2020-03-21,VT,50,49,2
2020-03-22,VT,50,52,2
2020-03-23,VT,50,75,2
2020-03-24,VT,50,95,7
2020-03-25,VT,50,123,8
2020-03-26,VT,50,158,9
2020-03-27,VT,50,184,10
2020-03-28,VT,50,211,12
2020-03-29,VT,50,235,12
2020-03-30,VT,50,256,12
2020-03-31,VT,50,293,13
2020-04-01,VT,50,321,16
2020-04-02,VT,50,338,17
2020-04-03,VT,50,389,17
2020-04-04,VT,50,461,20
2020-04-05,VT,50,512,22
2020-04-06,VT,50,543,23
2020-04-07,VT,50,575,23
2020-04-08,VT,50,605,23
2020-04-09,VT,50,628,23
2020-04-10,VT,50,679,24
2020-04-11,VT,50,711,25
2020-04-12,VT,50,727,27
2020-01-21,WA,53,1,0
2020-01-22,WA,53,1,0
2020-01-23,WA,53,1,0
2020-01-24,WA,53,1,0
2020-01-25,WA,53,1,0
2020-01-26,WA,53,1,0
2020-01-27,WA,53,1,0
2020-01-28,WA,53,1,0
2020-01-29,WA,53,1,0
2020-01-30,WA,53,1,0
2020-01-31,WA,53,1,0
2020-02-01,WA,53,1,0
2020-02-02,WA,53,1,0
2020-02-03,WA,53,1,0
2020-02-04,WA,53,1,0
2020-02-05,WA,53,1,0
2020-02-06,WA,53,1,0
2020-02-07,WA,53,1,0
2020-02-08,WA,53,1,0
2020-02-09,WA,53,1,0
2020-02-10,WA,53,1,0
2020-02-11,WA,53,1,0
2020-02-12,WA,53,1,0
2020-02-13,WA,53,1,0
2020-02-14,WA,53,1,0
2020-02-15,WA,53,1,0
2020-02-16,WA,53,1,0
2020-02-17,WA,53,1,0
2020-02-18,WA,53,1,0
2020-02-19,WA,53,1,0
2020-02-20,WA,53,1,0
2020-02-21,WA,53,1,0
2020-02-22,WA,53,1,0
2020-02-23,WA,53,1,0
2020-02-24,WA,53,5,0
2020-02-25,WA,53,5,0
2020-02-26,WA,53,5,0
2020-02-27,WA,53,5,0
2020-02-28,WA,53,7,0
2020-02-29,WA,53,10,1
2020-03-01,WA,53,17,3
2020-03-02,WA,53,23,6
2020-03-03,WA,53,32,10
2020-03-04,WA,53,47,11
2020-03-05,WA,53,75,11
2020-03-06,WA,53,86,12
2020-03-07,WA,53,110,16
2020-03-08,WA,53,141,19
2020-03-09,WA,53,179,22
2020-03-10,WA,53,279,24
2020-03-11,WA,53,338,29
2020-03-12,WA,53,419,32
2020-03-13,WA,53,511,37
2020-03-14,WA,53,609,40
2020-03-15,WA,53,675,42
2020-03-16,WA,53,794,48
2020-03-17,WA,53,908,54
2020-03-18,WA,53,1026,68
2020-03-19,WA,53,1228,75
2020-03-20,WA,53,1404,83
2020-03-21,WA,53,1655,95
2020-03-22,WA,53,1844,97
2020-03-23,WA,53,2101,110
2020-03-24,WA,53,2469,123
2020-03-25,WA,53,2585,130
2020-03-26,WA,53,3208,151
2020-03-27,WA,53,3770,177
2020-03-28,WA,53,4311,191
2020-03-29,WA,53,4896,207
2020-03-30,WA,53,5179,221
2020-03-31,WA,53,5292,226
2020-04-01,WA,53,5588,249
2020-04-02,WA,53,6585,272
2020-04-03,WA,53,6966,293
2020-04-04,WA,53,7498,318
2020-04-05,WA,53,7984,344
2020-04-06,WA,53,8384,383
2020-04-07,WA,53,8682,409
2020-04-08,WA,53,9097,430
2020-04-09,WA,53,9608,456
2020-04-10,WA,53,9887,483
2020-04-11,WA,53,10224,498
2020-04-12,WA,53,10411,511
2020-02-05,WI,55,1,0
2020-02-06,WI,55,1,0
2020-02-07,WI,55,1,0
2020-02-08,WI,55,1,0
2020-02-09,WI,55,1,0
2020-02-10,WI,55,1,0
2020-02-11,WI,55,1,0
2020-02-12,WI,55,1,0
2020-02-13,WI,55,1,0
2020-02-14,WI,55,1,0
2020-02-15,WI,55,1,0
2020-02-16,WI,55,1,0
2020-02-17,WI,55,1,0
2020-02-18,WI,55,1,0
2020-02-19,WI,55,1,0
2020-02-20,WI,55,1,0
2020-02-21,WI,55,1,0
2020-02-22,WI,55,1,0
2020-02-23,WI,55,1,0
2020-02-24,WI,55,1,0
2020-02-25,WI,55,1,0
2020-02-26,WI,55,1,0
2020-02-27,WI,55,1,0
2020-02-28,WI,55,1,0
2020-02-29,WI,55,1,0
2020-03-01,WI,55,1,0
2020-03-02,WI,55,1,0
2020-03-03,WI,55,1,0
2020-03-04,WI,55,1,0
2020-03-05,WI,55,1,0
2020-03-06,WI,55,1,0
2020-03-07,WI,55,1,0
2020-03-08,WI,55,1,0
2020-03-09,WI,55,2,0
2020-03-10,WI,55,3,0
2020-03-11,WI,55,6,0
2020-03-12,WI,55,8,0
2020-03-13,WI,55,19,0
2020-03-14,WI,55,27,0
2020-03-15,WI,55,33,0
2020-03-16,WI,55,47,0
2020-03-17,WI,55,72,0
2020-03-18,WI,55,106,0
2020-03-19,WI,55,155,2
2020-03-20,WI,55,216,3
2020-03-21,WI,55,281,4
2020-03-22,WI,55,382,4
2020-03-23,WI,55,418,5
2020-03-24,WI,55,481,5
2020-03-25,WI,55,623,7
2020-03-26,WI,55,754,10
2020-03-27,WI,55,930,16
2020-03-28,WI,55,1042,17
2020-03-29,WI,55,1120,17
2020-03-30,WI,55,1267,20
2020-03-31,WI,55,1351,25
2020-04-01,WI,55,1550,33
2020-04-02,WI,55,1730,37
2020-04-03,WI,55,1916,49
2020-04-04,WI,55,2112,60
2020-04-05,WI,55,2267,73
2020-04-06,WI,55,2440,83
2020-04-07,WI,55,2578,94
2020-04-08,WI,55,2756,107
2020-04-09,WI,55,2885,116
2020-04-10,WI,55,3068,131
2020-04-11,WI,55,3213,141
2020-04-12,WI,55,3341,145
2020-03-17,WV,54,1,0
2020-03-18,WV,54,2,0
2020-03-19,WV,54,5,0
2020-03-20,WV,54,8,0
2020-03-21,WV,54,12,0
2020-03-22,WV,54,16,0
2020-03-23,WV,54,16,0
2020-03-24,WV,54,39,0
2020-03-25,WV,54,51,0
2020-03-26,WV,54,76,0
2020-03-27,WV,54,96,0
2020-03-28,WV,54,113,0
2020-03-29,WV,54,124,1
2020-03-30,WV,54,145,1
2020-03-31,WV,54,162,1
2020-04-01,WV,54,191,2
2020-04-02,WV,54,217,2
2020-04-03,WV,54,242,2
2020-04-04,WV,54,282,2
2020-04-05,WV,54,324,3
2020-04-06,WV,54,345,4
2020-04-07,WV,54,412,4
2020-04-08,WV,54,483,4
2020-04-09,WV,54,524,5
2020-04-10,WV,54,537,5
2020-04-11,WV,54,593,6
2020-04-12,WV,54,615,8
2020-03-11,WY,56,1,0
2020-03-12,WY,56,1,0
2020-03-13,WY,56,2,0
2020-03-14,WY,56,3,0
2020-03-15,WY,56,3,0
2020-03-16,WY,56,10,0
2020-03-17,WY,56,15,0
2020-03-18,WY,56,17,0
2020-03-19,WY,56,18,0
2020-03-20,WY,56,22,0
2020-03-21,WY,56,24,0
2020-03-22,WY,56,26,0
2020-03-23,WY,56,28,0
2020-03-24,WY,56,37,0
2020-03-25,WY,56,49,0
2020-03-26,WY,56,56,0
2020-03-27,WY,56,73,0
2020-03-28,WY,56,84,0
2020-03-29,WY,56,87,0
2020-03-30,WY,56,95,0
2020-03-31,WY,56,120,0
2020-04-01,WY,56,137,0
2020-04-02,WY,56,153,0
2020-04-03,WY,56,166,0
2020-04-04,WY,56,187,0
2020-04-05,WY,56,200,0
2020-04-06,WY,56,212,0
2020-04-07,WY,56,221,0
2020-04-08,WY,56,230,0
2020-04-09,WY,56,239,0
2020-04-10,WY,56,253,0
2020-04-11,WY,56,261,0
2020-04-12,WY,56,270,0